tipo_texto,n_workers,threads_per_worker,chunk_size,n_textos,tiempo_total,textos_por_segundo
corto,60,1,100000,10000000,241.83344793319702,41350.77296157293
corto,60,1,50000,10000000,260.91598868370056,38326.51287661277
